Data_Indicador,Nom_Variable,Valor
02/01/2020,Fran√ßa,65199
02/01/2020,Regne Unit,20247
02/01/2020,It√†lia,36367
02/01/2020,Pa√Øsos Baixos,10170
02/01/2020,"Estats Units, els",19641
03/01/2020,Fran√ßa,44258
03/01/2020,Regne Unit,18392
03/01/2020,It√†lia,28093
03/01/2020,Pa√Øsos Baixos,9449
03/01/2020,"Estats Units, els",17335
04/01/2020,Fran√ßa,36368
04/01/2020,Regne Unit,16758
04/01/2020,It√†lia,23731
04/01/2020,Pa√Øsos Baixos,7266
04/01/2020,"Estats Units, els",15602
05/01/2020,Fran√ßa,25915
05/01/2020,Regne Unit,15295
05/01/2020,It√†lia,19785
05/01/2020,Pa√Øsos Baixos,6290
05/01/2020,"Estats Units, els",13094
06/01/2020,Fran√ßa,16219
06/01/2020,Regne Unit,13205
06/01/2020,It√†lia,14817
06/01/2020,Pa√Øsos Baixos,5467
06/01/2020,"Estats Units, els",11200
07/01/2020,Fran√ßa,16143
07/01/2020,Regne Unit,12014
07/01/2020,It√†lia,8877
07/01/2020,Pa√Øsos Baixos,7531
07/01/2020,"Estats Units, els",11065
08/01/2020,Fran√ßa,15861
08/01/2020,Regne Unit,12053
08/01/2020,It√†lia,7381
08/01/2020,Pa√Øsos Baixos,7654
08/01/2020,"Estats Units, els",10153
09/01/2020,Fran√ßa,17428
09/01/2020,Regne Unit,13309
09/01/2020,It√†lia,9687
09/01/2020,Pa√Øsos Baixos,8383
09/01/2020,"Estats Units, els",10311
10/01/2020,Fran√ßa,20952
10/01/2020,Regne Unit,14995
10/01/2020,It√†lia,10801
10/01/2020,Pa√Øsos Baixos,10018
10/01/2020,"Estats Units, els",9679
11/01/2020,Fran√ßa,28491
11/01/2020,Regne Unit,16564
11/01/2020,It√†lia,12225
11/01/2020,Pa√Øsos Baixos,7684
11/01/2020,"Estats Units, els",10577
12/01/2020,Fran√ßa,23330
12/01/2020,Regne Unit,17755
12/01/2020,It√†lia,11773
12/01/2020,Pa√Øsos Baixos,7189
12/01/2020,"Estats Units, els",10090
13/01/2020,Fran√ßa,17388
13/01/2020,Regne Unit,16598
13/01/2020,It√†lia,11990
13/01/2020,Pa√Øsos Baixos,9223
13/01/2020,"Estats Units, els",10342
14/01/2020,Fran√ßa,15539
14/01/2020,Regne Unit,15568
14/01/2020,It√†lia,9381
14/01/2020,Pa√Øsos Baixos,8348
14/01/2020,"Estats Units, els",8872
15/01/2020,Fran√ßa,17033
15/01/2020,Regne Unit,16058
15/01/2020,It√†lia,9859
15/01/2020,Pa√Øsos Baixos,9184
15/01/2020,"Estats Units, els",8442
16/01/2020,Fran√ßa,18274
16/01/2020,Regne Unit,16435
16/01/2020,It√†lia,11605
16/01/2020,Pa√Øsos Baixos,9725
16/01/2020,"Estats Units, els",9935
17/01/2020,Fran√ßa,23801
17/01/2020,Regne Unit,17938
17/01/2020,It√†lia,12477
17/01/2020,Pa√Øsos Baixos,12047
17/01/2020,"Estats Units, els",10412
18/01/2020,Fran√ßa,30264
18/01/2020,Regne Unit,20003
18/01/2020,It√†lia,13353
18/01/2020,Pa√Øsos Baixos,9316
18/01/2020,"Estats Units, els",11676
19/01/2020,Fran√ßa,28211
19/01/2020,Regne Unit,21969
19/01/2020,It√†lia,15192
19/01/2020,Pa√Øsos Baixos,9089
19/01/2020,"Estats Units, els",11972
20/01/2020,Fran√ßa,18409
20/01/2020,Regne Unit,20255
20/01/2020,It√†lia,13240
20/01/2020,Pa√Øsos Baixos,10583
20/01/2020,"Estats Units, els",10624
21/01/2020,Fran√ßa,14904
21/01/2020,Regne Unit,17749
21/01/2020,It√†lia,10701
21/01/2020,Pa√Øsos Baixos,8742
21/01/2020,"Estats Units, els",9577
22/01/2020,Fran√ßa,15726
22/01/2020,Regne Unit,18734
22/01/2020,It√†lia,10676
22/01/2020,Pa√Øsos Baixos,10116
22/01/2020,"Estats Units, els",8701
23/01/2020,Fran√ßa,17789
23/01/2020,Regne Unit,22923
23/01/2020,It√†lia,12448
23/01/2020,Pa√Øsos Baixos,12615
23/01/2020,"Estats Units, els",9947
24/01/2020,Fran√ßa,23586
24/01/2020,Regne Unit,23737
24/01/2020,It√†lia,13264
24/01/2020,Pa√Øsos Baixos,13350
24/01/2020,"Estats Units, els",9778
25/01/2020,Fran√ßa,29123
25/01/2020,Regne Unit,26660
25/01/2020,It√†lia,14309
25/01/2020,Pa√Øsos Baixos,10303
25/01/2020,"Estats Units, els",11822
26/01/2020,Fran√ßa,26296
26/01/2020,Regne Unit,28842
26/01/2020,It√†lia,14523
26/01/2020,Pa√Øsos Baixos,10265
26/01/2020,"Estats Units, els",13022
27/01/2020,Fran√ßa,20859
27/01/2020,Regne Unit,27012
27/01/2020,It√†lia,13449
27/01/2020,Pa√Øsos Baixos,14256
27/01/2020,"Estats Units, els",11852
28/01/2020,Fran√ßa,17557
28/01/2020,Regne Unit,26139
28/01/2020,It√†lia,10211
28/01/2020,Pa√Øsos Baixos,14557
28/01/2020,"Estats Units, els",11603
29/01/2020,Fran√ßa,18821
29/01/2020,Regne Unit,26957
29/01/2020,It√†lia,10506
29/01/2020,Pa√Øsos Baixos,16148
29/01/2020,"Estats Units, els",11727
30/01/2020,Fran√ßa,20084
30/01/2020,Regne Unit,27931
30/01/2020,It√†lia,12311
30/01/2020,Pa√Øsos Baixos,16859
30/01/2020,"Estats Units, els",12219
31/01/2020,Fran√ßa,26116
31/01/2020,Regne Unit,30032
31/01/2020,It√†lia,14106
31/01/2020,Pa√Øsos Baixos,17568
31/01/2020,"Estats Units, els",11656
01/02/2020,Fran√ßa,29746
01/02/2020,Regne Unit,26280
01/02/2020,It√†lia,13636
01/02/2020,Pa√Øsos Baixos,9708
01/02/2020,"Estats Units, els",10055
02/02/2020,Fran√ßa,27018
02/02/2020,Regne Unit,26125
02/02/2020,It√†lia,14406
02/02/2020,Pa√Øsos Baixos,9648
02/02/2020,"Estats Units, els",9509
03/02/2020,Fran√ßa,20753
03/02/2020,Regne Unit,23047
03/02/2020,It√†lia,13599
03/02/2020,Pa√Øsos Baixos,13125
03/02/2020,"Estats Units, els",8683
04/02/2020,Fran√ßa,17031
04/02/2020,Regne Unit,19415
04/02/2020,It√†lia,10847
04/02/2020,Pa√Øsos Baixos,10697
04/02/2020,"Estats Units, els",8316
05/02/2020,Fran√ßa,17059
05/02/2020,Regne Unit,18860
05/02/2020,It√†lia,10970
05/02/2020,Pa√Øsos Baixos,11395
05/02/2020,"Estats Units, els",7864
06/02/2020,Fran√ßa,19724
06/02/2020,Regne Unit,20497
06/02/2020,It√†lia,12864
06/02/2020,Pa√Øsos Baixos,10611
06/02/2020,"Estats Units, els",9072
07/02/2020,Fran√ßa,24954
07/02/2020,Regne Unit,21699
07/02/2020,It√†lia,13465
07/02/2020,Pa√Øsos Baixos,11676
07/02/2020,"Estats Units, els",8598
08/02/2020,Fran√ßa,33380
08/02/2020,Regne Unit,23122
08/02/2020,It√†lia,14919
08/02/2020,Pa√Øsos Baixos,8126
08/02/2020,"Estats Units, els",9267
09/02/2020,Fran√ßa,30448
09/02/2020,Regne Unit,22706
09/02/2020,It√†lia,14861
09/02/2020,Pa√Øsos Baixos,7948
09/02/2020,"Estats Units, els",8743
10/02/2020,Fran√ßa,26036
10/02/2020,Regne Unit,20027
10/02/2020,It√†lia,13060
10/02/2020,Pa√Øsos Baixos,9505
10/02/2020,"Estats Units, els",7968
11/02/2020,Fran√ßa,22265
11/02/2020,Regne Unit,17337
11/02/2020,It√†lia,9272
11/02/2020,Pa√Øsos Baixos,9137
11/02/2020,"Estats Units, els",7781
12/02/2020,Fran√ßa,25840
12/02/2020,Regne Unit,17990
12/02/2020,It√†lia,10290
12/02/2020,Pa√Øsos Baixos,10656
12/02/2020,"Estats Units, els",8778
13/02/2020,Fran√ßa,29003
13/02/2020,Regne Unit,20143
13/02/2020,It√†lia,13332
13/02/2020,Pa√Øsos Baixos,12088
13/02/2020,"Estats Units, els",10387
14/02/2020,Fran√ßa,38585
14/02/2020,Regne Unit,22940
14/02/2020,It√†lia,15519
14/02/2020,Pa√Øsos Baixos,14301
14/02/2020,"Estats Units, els",11692
15/02/2020,Fran√ßa,53229
15/02/2020,Regne Unit,25175
15/02/2020,It√†lia,16505
15/02/2020,Pa√Øsos Baixos,12617
15/02/2020,"Estats Units, els",14111
16/02/2020,Fran√ßa,48259
16/02/2020,Regne Unit,25242
16/02/2020,It√†lia,16381
16/02/2020,Pa√Øsos Baixos,11252
16/02/2020,"Estats Units, els",14953
17/02/2020,Fran√ßa,40308
17/02/2020,Regne Unit,23445
17/02/2020,It√†lia,14722
17/02/2020,Pa√Øsos Baixos,15194
17/02/2020,"Estats Units, els",14039
18/02/2020,Fran√ßa,36713
18/02/2020,Regne Unit,21429
18/02/2020,It√†lia,10618
18/02/2020,Pa√Øsos Baixos,13429
18/02/2020,"Estats Units, els",12468
19/02/2020,Fran√ßa,37407
19/02/2020,Regne Unit,20749
19/02/2020,It√†lia,11047
19/02/2020,Pa√Øsos Baixos,16032
19/02/2020,"Estats Units, els",11908
20/02/2020,Fran√ßa,40800
20/02/2020,Regne Unit,21163
20/02/2020,It√†lia,13046
20/02/2020,Pa√Øsos Baixos,14345
20/02/2020,"Estats Units, els",13461
21/02/2020,Fran√ßa,41847
21/02/2020,Regne Unit,22498
21/02/2020,It√†lia,14095
21/02/2020,Pa√Øsos Baixos,17460
21/02/2020,"Estats Units, els",13521
22/02/2020,Fran√ßa,45641
22/02/2020,Regne Unit,21983
22/02/2020,It√†lia,15214
22/02/2020,Pa√Øsos Baixos,12654
22/02/2020,"Estats Units, els",14920
23/02/2020,Fran√ßa,39720
23/02/2020,Regne Unit,19714
23/02/2020,It√†lia,15206
23/02/2020,Pa√Øsos Baixos,11921
23/02/2020,"Estats Units, els",11853
24/02/2020,Fran√ßa,29987
24/02/2020,Regne Unit,15370
24/02/2020,It√†lia,13002
24/02/2020,Pa√Øsos Baixos,16359
24/02/2020,"Estats Units, els",9467
25/02/2020,Fran√ßa,26412
25/02/2020,Regne Unit,12821
25/02/2020,It√†lia,9064
25/02/2020,Pa√Øsos Baixos,14313
25/02/2020,"Estats Units, els",8387
26/02/2020,Fran√ßa,27585
26/02/2020,Regne Unit,14292
26/02/2020,It√†lia,8371
26/02/2020,Pa√Øsos Baixos,16060
26/02/2020,"Estats Units, els",8438
27/02/2020,Fran√ßa,30188
27/02/2020,Regne Unit,18516
27/02/2020,It√†lia,10237
27/02/2020,Pa√Øsos Baixos,17666
27/02/2020,"Estats Units, els",10356
28/02/2020,Fran√ßa,37295
28/02/2020,Regne Unit,22329
28/02/2020,It√†lia,11595
28/02/2020,Pa√Øsos Baixos,17920
28/02/2020,"Estats Units, els",11598
29/02/2020,Fran√ßa,43550
29/02/2020,Regne Unit,23162
29/02/2020,It√†lia,12617
29/02/2020,Pa√Øsos Baixos,11399
29/02/2020,"Estats Units, els",12929
01/03/2020,Fran√ßa,37210
01/03/2020,Regne Unit,20565
01/03/2020,It√†lia,11358
01/03/2020,Pa√Øsos Baixos,8394
01/03/2020,"Estats Units, els",11393
02/03/2020,Fran√ßa,28196
02/03/2020,Regne Unit,16684
02/03/2020,It√†lia,9954
02/03/2020,Pa√Øsos Baixos,12543
02/03/2020,"Estats Units, els",12220
03/03/2020,Fran√ßa,24023
03/03/2020,Regne Unit,13708
03/03/2020,It√†lia,7319
03/03/2020,Pa√Øsos Baixos,10038
03/03/2020,"Estats Units, els",11180
04/03/2020,Fran√ßa,23565
04/03/2020,Regne Unit,13880
04/03/2020,It√†lia,7350
04/03/2020,Pa√Øsos Baixos,9769
04/03/2020,"Estats Units, els",11118
05/03/2020,Fran√ßa,25389
05/03/2020,Regne Unit,14886
05/03/2020,It√†lia,8954
05/03/2020,Pa√Øsos Baixos,11405
05/03/2020,"Estats Units, els",13182
06/03/2020,Fran√ßa,30461
06/03/2020,Regne Unit,19003
06/03/2020,It√†lia,10158
06/03/2020,Pa√Øsos Baixos,14394
06/03/2020,"Estats Units, els",14904
07/03/2020,Fran√ßa,37591
07/03/2020,Regne Unit,21200
07/03/2020,It√†lia,10954
07/03/2020,Pa√Øsos Baixos,9975
07/03/2020,"Estats Units, els",16476
08/03/2020,Fran√ßa,33288
08/03/2020,Regne Unit,20789
08/03/2020,It√†lia,10649
08/03/2020,Pa√Øsos Baixos,9429
08/03/2020,"Estats Units, els",16210
09/03/2020,Fran√ßa,21227
09/03/2020,Regne Unit,15440
09/03/2020,It√†lia,7897
09/03/2020,Pa√Øsos Baixos,13188
09/03/2020,"Estats Units, els",13793
10/03/2020,Fran√ßa,15434
10/03/2020,Regne Unit,11111
10/03/2020,It√†lia,4809
10/03/2020,Pa√Øsos Baixos,10219
10/03/2020,"Estats Units, els",13301
11/03/2020,Fran√ßa,19359
11/03/2020,Regne Unit,10315
11/03/2020,It√†lia,3947
11/03/2020,Pa√Øsos Baixos,9410
11/03/2020,"Estats Units, els",12607
12/03/2020,Fran√ßa,22101
12/03/2020,Regne Unit,11156
12/03/2020,It√†lia,4112
12/03/2020,Pa√Øsos Baixos,9880
12/03/2020,"Estats Units, els",11828
13/03/2020,Fran√ßa,24603
13/03/2020,Regne Unit,12579
13/03/2020,It√†lia,2720
13/03/2020,Pa√Øsos Baixos,10252
13/03/2020,"Estats Units, els",9660
14/03/2020,Fran√ßa,21357
14/03/2020,Regne Unit,10252
14/03/2020,It√†lia,1547
14/03/2020,Pa√Øsos Baixos,4971
14/03/2020,"Estats Units, els",5632
15/03/2020,Fran√ßa,14047
15/03/2020,Regne Unit,7114
15/03/2020,It√†lia,1177
15/03/2020,Pa√Øsos Baixos,3631
15/03/2020,"Estats Units, els",3239
16/03/2020,Fran√ßa,7301
16/03/2020,Regne Unit,3265
16/03/2020,It√†lia,754
16/03/2020,Pa√Øsos Baixos,5217
16/03/2020,"Estats Units, els",1542
17/03/2020,Fran√ßa,4313
17/03/2020,Regne Unit,1223
17/03/2020,It√†lia,619
17/03/2020,Pa√Øsos Baixos,2804
17/03/2020,"Estats Units, els",956
18/03/2020,Fran√ßa,3389
18/03/2020,Regne Unit,787
18/03/2020,It√†lia,613
18/03/2020,Pa√Øsos Baixos,2225
18/03/2020,"Estats Units, els",553
19/03/2020,Fran√ßa,2891
19/03/2020,Regne Unit,616
19/03/2020,It√†lia,535
19/03/2020,Pa√Øsos Baixos,1733
19/03/2020,"Estats Units, els",331
20/03/2020,Fran√ßa,2873
20/03/2020,Regne Unit,663
20/03/2020,It√†lia,422
20/03/2020,Pa√Øsos Baixos,3456
20/03/2020,"Estats Units, els",260
21/03/2020,Fran√ßa,2543
21/03/2020,Regne Unit,463
21/03/2020,It√†lia,306
21/03/2020,Pa√Øsos Baixos,1683
21/03/2020,"Estats Units, els",190
22/03/2020,Fran√ßa,2274
22/03/2020,Regne Unit,468
22/03/2020,It√†lia,323
22/03/2020,Pa√Øsos Baixos,661
22/03/2020,"Estats Units, els",164
23/03/2020,Fran√ßa,2507
23/03/2020,Regne Unit,513
23/03/2020,It√†lia,359
23/03/2020,Pa√Øsos Baixos,3339
23/03/2020,"Estats Units, els",189
24/03/2020,Fran√ßa,2599
24/03/2020,Regne Unit,399
24/03/2020,It√†lia,297
24/03/2020,Pa√Øsos Baixos,3906
24/03/2020,"Estats Units, els",244
25/03/2020,Fran√ßa,2565
25/03/2020,Regne Unit,506
25/03/2020,It√†lia,337
25/03/2020,Pa√Øsos Baixos,3668
25/03/2020,"Estats Units, els",277
26/03/2020,Fran√ßa,2364
26/03/2020,Regne Unit,410
26/03/2020,It√†lia,466
26/03/2020,Pa√Øsos Baixos,1420
26/03/2020,"Estats Units, els",219
27/03/2020,Fran√ßa,2248
27/03/2020,Regne Unit,481
27/03/2020,It√†lia,299
27/03/2020,Pa√Øsos Baixos,3186
27/03/2020,"Estats Units, els",289
28/03/2020,Fran√ßa,2260
28/03/2020,Regne Unit,387
28/03/2020,It√†lia,246
28/03/2020,Pa√Øsos Baixos,948
28/03/2020,"Estats Units, els",264
29/03/2020,Fran√ßa,1754
29/03/2020,Regne Unit,294
29/03/2020,It√†lia,353
29/03/2020,Pa√Øsos Baixos,894
29/03/2020,"Estats Units, els",147
30/03/2020,Fran√ßa,2070
30/03/2020,Regne Unit,363
30/03/2020,It√†lia,295
30/03/2020,Pa√Øsos Baixos,4008
30/03/2020,"Estats Units, els",239
31/03/2020,Fran√ßa,2408
31/03/2020,Regne Unit,389
31/03/2020,It√†lia,399
31/03/2020,Pa√Øsos Baixos,3708
31/03/2020,"Estats Units, els",245
01/04/2020,Fran√ßa,736
01/04/2020,Regne Unit,224
01/04/2020,It√†lia,132
01/04/2020,Pa√Øsos Baixos,3977
01/04/2020,"Estats Units, els",199
02/04/2020,Fran√ßa,758
02/04/2020,Regne Unit,244
02/04/2020,It√†lia,216
02/04/2020,Pa√Øsos Baixos,1956
02/04/2020,"Estats Units, els",130
03/04/2020,Fran√ßa,865
03/04/2020,Regne Unit,310
03/04/2020,It√†lia,111
03/04/2020,Pa√Øsos Baixos,1567
03/04/2020,"Estats Units, els",122
04/04/2020,Fran√ßa,724
04/04/2020,Regne Unit,346
04/04/2020,It√†lia,105
04/04/2020,Pa√Øsos Baixos,494
04/04/2020,"Estats Units, els",133
05/04/2020,Fran√ßa,1169
05/04/2020,Regne Unit,438
05/04/2020,It√†lia,246
05/04/2020,Pa√Øsos Baixos,1176
05/04/2020,"Estats Units, els",273
06/04/2020,Fran√ßa,856
06/04/2020,Regne Unit,280
06/04/2020,It√†lia,118
06/04/2020,Pa√Øsos Baixos,2103
06/04/2020,"Estats Units, els",156
07/04/2020,Fran√ßa,737
07/04/2020,Regne Unit,198
07/04/2020,It√†lia,110
07/04/2020,Pa√Øsos Baixos,1251
07/04/2020,"Estats Units, els",99
08/04/2020,Fran√ßa,784
08/04/2020,Regne Unit,170
08/04/2020,It√†lia,159
08/04/2020,Pa√Øsos Baixos,869
08/04/2020,"Estats Units, els",153
09/04/2020,Fran√ßa,633
09/04/2020,Regne Unit,94
09/04/2020,It√†lia,257
09/04/2020,Pa√Øsos Baixos,872
09/04/2020,"Estats Units, els",101
10/04/2020,Fran√ßa,924
10/04/2020,Regne Unit,213
10/04/2020,It√†lia,269
10/04/2020,Pa√Øsos Baixos,964
10/04/2020,"Estats Units, els",141
11/04/2020,Fran√ßa,1232
11/04/2020,Regne Unit,253
11/04/2020,It√†lia,274
11/04/2020,Pa√Øsos Baixos,1121
11/04/2020,"Estats Units, els",265
12/04/2020,Fran√ßa,1066
12/04/2020,Regne Unit,169
12/04/2020,It√†lia,339
12/04/2020,Pa√Øsos Baixos,963
13/04/2020,Fran√ßa,427
13/04/2020,Regne Unit,98
13/04/2020,It√†lia,83
13/04/2020,Pa√Øsos Baixos,463
13/04/2020,"Estats Units, els",75
14/04/2020,Fran√ßa,644
14/04/2020,Regne Unit,125
14/04/2020,It√†lia,66
14/04/2020,Pa√Øsos Baixos,844
14/04/2020,"Estats Units, els",113
15/04/2020,Fran√ßa,643
15/04/2020,Regne Unit,159
15/04/2020,It√†lia,168
15/04/2020,Pa√Øsos Baixos,1361
15/04/2020,"Estats Units, els",124
16/04/2020,Fran√ßa,708
16/04/2020,Regne Unit,122
16/04/2020,It√†lia,179
16/04/2020,Pa√Øsos Baixos,804
16/04/2020,"Estats Units, els",131
17/04/2020,Fran√ßa,676
17/04/2020,Regne Unit,148
17/04/2020,It√†lia,99
17/04/2020,Pa√Øsos Baixos,1393
17/04/2020,"Estats Units, els",112
18/04/2020,Fran√ßa,698
18/04/2020,Regne Unit,92
18/04/2020,It√†lia,115
18/04/2020,Pa√Øsos Baixos,414
18/04/2020,"Estats Units, els",144
19/04/2020,Fran√ßa,444
19/04/2020,Regne Unit,136
19/04/2020,It√†lia,178
19/04/2020,Pa√Øsos Baixos,463
19/04/2020,"Estats Units, els",93
20/04/2020,Fran√ßa,1002
20/04/2020,Regne Unit,179
20/04/2020,It√†lia,493
20/04/2020,Pa√Øsos Baixos,2048
20/04/2020,"Estats Units, els",160
21/04/2020,Fran√ßa,687
21/04/2020,Regne Unit,122
21/04/2020,It√†lia,103
21/04/2020,Pa√Øsos Baixos,1976
21/04/2020,"Estats Units, els",156
22/04/2020,Fran√ßa,799
22/04/2020,Regne Unit,141
22/04/2020,It√†lia,134
22/04/2020,Pa√Øsos Baixos,1767
22/04/2020,"Estats Units, els",132
23/04/2020,Fran√ßa,818
23/04/2020,Regne Unit,192
23/04/2020,It√†lia,278
23/04/2020,Pa√Øsos Baixos,1573
23/04/2020,"Estats Units, els",176
24/04/2020,Fran√ßa,823
24/04/2020,Regne Unit,258
24/04/2020,It√†lia,127
24/04/2020,Pa√Øsos Baixos,2491
24/04/2020,"Estats Units, els",175
25/04/2020,Fran√ßa,671
25/04/2020,Regne Unit,263
25/04/2020,It√†lia,103
25/04/2020,Pa√Øsos Baixos,608
25/04/2020,"Estats Units, els",132
26/04/2020,Fran√ßa,642
26/04/2020,Regne Unit,220
26/04/2020,It√†lia,147
26/04/2020,Pa√Øsos Baixos,533
26/04/2020,"Estats Units, els",139
27/04/2020,Fran√ßa,904
27/04/2020,Regne Unit,306
27/04/2020,It√†lia,124
27/04/2020,Pa√Øsos Baixos,1963
27/04/2020,"Estats Units, els",206
28/04/2020,Fran√ßa,902
28/04/2020,Regne Unit,257
28/04/2020,It√†lia,133
28/04/2020,Pa√Øsos Baixos,2226
28/04/2020,"Estats Units, els",206
29/04/2020,Fran√ßa,960
29/04/2020,Regne Unit,259
29/04/2020,It√†lia,116
29/04/2020,Pa√Øsos Baixos,2581
29/04/2020,"Estats Units, els",244
30/04/2020,Fran√ßa,1004
30/04/2020,Regne Unit,268
30/04/2020,It√†lia,223
30/04/2020,Pa√Øsos Baixos,3215
30/04/2020,"Estats Units, els",190